Month,End use Consumption,Temp,Coal,Petroleum,Natural Gas,Nuclear,Hydropower,Biomass,Geothermal,Solar,Wind
1973/1/1,144.505,29.59,75.190149,31.183619,21.184967,6.246251,25.944364,0.020309,0.14349,0,0
1973/2/1,139.546,33.58,67.797946,26.086952,20.252525,5.928069,23.031167,0.029012,0.131171,0,0
1973/3/1,137.102,44.29,67.387612,24.033245,24.043248,6.649007,25.562643,0.034853,0.135938,0,0
1973/4/1,131.366,48.83,63.935049,20.195424,25.030266,5.876392,24.072596,0.023094,0.158705,0,0
1973/5/1,131.361,59.23,64.927181,21.741975,29.755984,5.696657,24.793222,0.024798,0.147965,0,0
1973/6/1,140.293,68.95,69.592039,25.999512,34.627356,6.784152,23.752076,0.020645,0.169654,0,0
1973/7/1,152.562,73.26,75.988308,28.728259,39.171261,6.960486,22.418901,0.02023,0.179895,0,0
1973/8/1,157.481,72.61,78.365191,30.745665,38.890546,7.785326,21.11968,0.032863,0.169592,0,0
1973/9/1,157.31,64.4,71.304493,27.109009,33.118166,7.862383,17.076411,0.037082,0.143622,0,0
1973/10/1,146.042,56.07,70.104344,27.224244,30.68893,7.518195,18.210551,0.037852,0.169452,0,0
1973/11/1,138.142,42.93,69.706997,26.124562,23.717377,8.142033,19.984267,0.0237,0.181805,0,0
1973/12/1,137.199,33.71,73.352161,25.170459,20.377565,8.030511,26.117573,0.023856,0.234424,0,0
1974/1/1,143.986,31.01,73.631774,26.198955,20.72802,7.60279,28.861101,0.025212,0.206282,0,0
1974/2/1,136.737,34.74,66.116767,22.564916,18.941924,8.115522,26.535505,0.01729,0.182051,0,0
1974/3/1,135.952,44.38,67.746788,22.136383,23.628456,8.777497,27.533955,0.017574,0.207322,0,0
1974/4/1,133.007,51.55,62.866281,19.940913,24.029361,7.128892,27.836249,0.023967,0.195253,0,0
1974/5/1,133.077,60.37,67.7894,22.682163,28.32525,6.562335,27.935041,0.023469,0.195399,0,0
1974/6/1,141.931,68.49,67.470507,23.064936,31.727856,7.079595,26.60201,0.026718,0.189133,0,0
1974/7/1,151.511,74.08,76.36127,27.725762,37.214571,10.209908,26.25021,0.020373,0.209804,0,0
1974/8/1,158.112,70.3,74.75954,27.201402,35.350593,12.333452,24.005689,0.021041,0.207135,0,0
1974/9/1,153.619,62.31,65.266997,25.047795,29.348424,11.009752,21.345072,0.029169,0.191428,0,0
1974/10/1,141.355,53.89,66.953772,25.70139,28.263526,10.863505,19.98516,0.01671,0.194383,0,0
1974/11/1,135.784,42.39,66.996029,27.758192,22.735948,11.004327,21.102039,0.01667,0.231149,0,0
1974/12/1,140.852,33.66,72.473794,30.907732,19.77116,13.288168,23.040135,0.012483,0.243295,0,0
1975/1/1,149.394,32.34,74.836043,30.632234,19.689283,13.938354,25.011443,0.014219,0.203434,0,0
1975/2/1,142.973,32.76,67.285094,24.923842,18.049671,12.733338,23.885821,0.011882,0.193978,0,0
1975/3/1,140.749,38.7,69.176492,23.122664,20.098711,14.881784,27.970111,0.012513,0.218817,0,0
1975/4/1,135.833,46.85,64.453298,21.257994,20.323206,13.327245,26.624339,0.01146,0.219194,0,0
1975/5/1,133.568,60.35,64.741073,21.050282,25.707482,13.763765,27.713373,0.017527,0.237853,0,0
1975/6/1,142.996,67.51,70.346207,23.062398,28.830399,12.74382,27.142779,0.021248,0.295063,0,0
1975/7/1,154.204,73.56,76.294723,25.132477,34.1819,15.372216,25.521546,0.01604,0.297005,0,0
1975/8/1,160.902,71.53,78.882011,27.957786,34.041236,15.879687,22.612189,0.019254,0.32205,0,0
1975/9/1,157.741,62.89,68.558859,21.426066,30.020384,14.396011,20.519408,0.018229,0.283868,0,0
1975/10/1,141.818,54.63,69.04272,21.994709,26.300474,14.626168,22.638919,0.018409,0.32731,0,0
1975/11/1,139.26,42.6,70.424195,21.614561,21.829846,14.164018,24.429203,0.015361,0.318052,0,0
1975/12/1,147.653,34.29,78.745507,26.919888,20.705816,16.678669,25.977509,0.014978,0.329548,0,0
1976/1/1,160.539,29.93,83.690963,32.230754,19.894883,16.098884,26.069875,0.015593,0.328068,0,0
1976/2/1,153.549,39.56,73.516196,24.78298,19.163451,14.377127,24.520505,0.014957,0.308483,0,0
1976/3/1,147.465,42.31,76.55369,25.436579,21.282392,13.992977,26.562676,0.015716,0.3303,0,0
1976/4/1,142.31,51.85,72.559403,23.310448,21.867164,10.981808,24.136743,0.014379,0.297457,0,0
1976/5/1,141.804,59.04,72.499188,21.806959,25.318846,11.92939,25.51608,0.015353,0.284292,0,0
1976/6/1,149.039,67.8,76.925845,25.116695,29.715292,15.757435,25.562829,0.018406,0.295294,0,0
1976/7/1,163.006,72.9,83.279641,27.011425,32.031884,17.708727,26.063839,0.019308,0.319188,0,0
1976/8/1,168.631,70.66,84.206526,28.262962,31.393084,18.36258,23.842603,0.021461,0.314275,0,0
1976/9/1,164.412,64.18,75.369701,23.621906,28.057948,17.290311,20.368071,0.02137,0.305847,0,0
1976/10/1,150.985,50,76.93219,24.18965,23.909086,17.355218,21.040912,0.021826,0.297154,0,0
1976/11/1,150.741,38.48,81.668738,30.074971,21.110511,16.134204,19.803803,0.042168,0.250369,0,0
1976/12/1,162.766,30.92,87.188912,34.142807,20.87937,21.114871,20.219118,0.045926,0.285681,0,0
1977/1/1,172.351,23.09,89.829161,43.378623,19.95266,22.152064,20.700335,0.049273,0.309738,0,0
1977/2/1,165.298,36.03,78.73495,29.446474,19.480517,19.600518,15.149846,0.051568,0.270536,0,0
1977/3/1,156.204,43.18,77.492179,28.368708,22.467119,20.672203,19.800768,0.04897,0.306644,0,0
1977/4/1,147.926,54.07,70.866254,25.862144,21.296921,19.866564,18.642068,0.045784,0.273459,0,0
1977/5/1,148.602,61.66,77.049033,27.963903,24.701328,20.599284,18.676935,0.046032,0.295233,0,0
1977/6/1,159.294,70.34,83.116515,28.970658,29.621145,21.517301,17.226222,0.044973,0.290299,0,0
1977/7/1,174.998,74.43,92.372785,34.893219,32.712543,21.824835,16.798743,0.020494,0.307065,0,0
1977/8/1,178.59,71.78,90.730454,32.326169,33.290504,22.749668,16.712186,0.035929,0.28144,0,0
1977/9/1,172.262,65.93,82.564552,26.365748,30.93759,19.629992,16.424737,0.040931,0.301267,0,0
1977/10/1,159.348,53.98,79.382484,23.073922,27.355603,19.041045,17.188933,0.044658,0.315065,0,0
1977/11/1,151.312,42.87,79.467834,24.862747,22.565612,19.458412,20.397541,0.030377,0.316511,0,0
1977/12/1,162.175,33.28,83.612396,32.666506,21.123315,23.771398,22.756199,0.021916,0.315079,0,0
1978/1/1,176.649,25.86,85.005951,39.264223,22.309743,25.832949,25.06593,0.035529,0.321005,0,0
1978/2/1,169.927,27.99,70.569646,38.21255,20.370197,21.8325,22.210736,0.033354,0.27546,0,0
1978/3/1,163.406,41.31,66.623494,36.958018,22.269092,22.448665,24.630089,0.036301,0.227657,0,0
1978/4/1,150.385,51.58,70.327333,24.978413,21.33911,17.579902,25.305707,0.015657,0.19195,0,0
1978/5/1,151.504,59.74,76.431711,24.368349,25.076268,20.41617,28.756952,0.015774,0.171002,0,0
1978/6/1,165.519,68.94,84.033019,26.129595,30.61831,22.185187,25.121255,0.014806,0.210307,0,0
1978/7/1,179.114,73.8,89.60631,29.117394,34.24775,25.007094,24.452766,0.014738,0.235597,0,0
1978/8/1,184.223,71.8,93.429682,32.302004,32.583162,25.599306,22.185112,0.041383,0.277092,0,0
1978/9/1,182.638,65.84,87.041271,26.640067,28.206109,22.188917,21.177215,0.025834,0.292585,0,0
1978/10/1,166.722,54.41,82.082993,25.753492,25.232611,22.996549,19.478805,0.039467,0.217591,0,0
1978/11/1,159.126,41.47,81.727362,27.309782,22.000457,24.900669,19.952512,0.03577,0.245785,0,0
1978/12/1,168.709,29.8,88.863313,34.026554,21.138026,25.41516,22.0818,0.029013,0.311599,0,0
1979/1/1,185.387,21.9,94.985712,39.474311,22.092806,27.792163,25.021457,0.026406,0.29938,0,0
1979/2/1,181.515,28.13,84.747823,32.274117,21.844013,25.910788,21.275254,0.039998,0.244898,0,0
1979/3/1,173.249,42.06,85.219537,22.075574,24.91606,24.334822,25.920777,0.053511,0.328623,0,0
1979/4/1,161.557,50.14,80.450173,20.599379,24.763199,18.417942,25.388504,0.038526,0.303915,0,0
1979/5/1,159.551,59.13,86.149298,21.47044,26.135375,15.024851,28.939195,0.043966,0.305604,0,0
1979/6/1,166.86,67.82,90.81726,24.36727,30.106952,16.065455,24.978514,0.037417,0.309504,0,0
1979/7/1,178.339,73.13,97.879473,25.749925,34.675501,20.824729,22.760636,0.036075,0.328236,0,0
1979/8/1,187.309,70.97,97.910027,26.122976,34.948735,24.204083,21.259932,0.046505,0.358096,0,0
1979/9/1,179.64,66.09,85.664344,22.509343,31.441588,21.80387,18.978246,0.043098,0.310775,0,0
1979/10/1,165.948,55.26,87.527612,20.278861,30.418982,20.934359,20.1667,0.041034,0.348445,0,0
1979/11/1,162.271,39.94,87.455783,23.380251,24.661307,19.255175,22.366537,0.048655,0.338536,0,0
1979/12/1,169.473,36.03,96.230048,25.222763,23.480589,20.586386,22.72706,0.04286,0.412956,0,0
1980/1/1,179.585,31.12,103.257677,24.985981,26.348819,19.745966,25.278087,0.051696,0.336471,0,0
1980/2/1,178.721,32.85,98.150804,24.780801,24.755111,19.277338,21.377604,0.050106,0.323169,0,0
1980/3/1,174.373,39.36,95.386178,20.415059,26.891062,20.038872,24.332151,0.041851,0.359122,0,0
1980/4/1,161.701,51.44,83.561813,16.02488,24.181362,18.793503,25.747906,0.034029,0.376294,0,0
1980/5/1,154.851,60.28,84.884262,16.545279,26.586804,18.384807,28.864874,0.024599,0.443088,0,0
1980/6/1,164.872,68.74,93.691765,18.019504,31.294973,18.322206,27.656143,0.017569,0.427499,0,0
1980/7/1,185.882,75.76,108.456913,23.288774,39.063083,21.023937,24.468827,0.025229,0.449596,0,0
1980/8/1,196.464,72.79,107.579936,24.884835,37.647074,24.332931,20.431309,0.036817,0.480427,0,0
1980/9/1,190.139,66.24,97.556952,17.815305,33.579978,23.572294,18.49119,0.035043,0.433806,0,0
1980/10/1,170.08,52.59,91.19602,15.858229,28.591879,24.509631,17.86585,0.04084,0.492623,0,0
1980/11/1,162.174,42.31,93.500667,19.989308,24.338395,20.983909,19.217106,0.038894,0.481542,0,0
1980/12/1,175.607,35.19,104.33938,23.386234,22.961361,22.130182,22.289922,0.036488,0.469442,0,0
1981/1/1,191.949,32.41,111.764813,25.963088,22.080996,23.778769,22.33849,0.034879,0.505539,0,0
1981/2/1,182.207,36.59,97.653289,17.443999,21.339106,21.595261,21.098942,0.036018,0.44685,0,0
1981/3/1,172.826,42.85,99.482128,16.956746,25.996919,22.004399,20.572453,0.039697,0.501033,0,0
1981/4/1,163.525,55.13,88.109349,15.106252,27.460284,20.646019,20.722677,0.037277,0.462686,0,0
1981/5/1,163.173,58.96,88.940698,14.507881,30.070319,19.72309,24.081252,0.024206,0.458335,0,0
1981/6/1,178.827,69.82,99.837068,18.971565,35.885106,21.165626,26.369752,0.015346,0.45746,0,0
1981/7/1,197.814,73.96,112.853683,20.071683,38.712255,23.079647,25.132882,0.020301,0.502803,0,0
1981/8/1,198.459,72.1,108.402855,16.001049,36.917716,26.946387,21.614967,0.023756,0.496632,0,0
1981/9/1,186.25,64.92,97.663878,15.565877,30.850324,24.398455,17.821506,0.038561,0.499717,0,0
1981/10/1,171.35,52.32,97.046239,16.213139,28.916564,20.555822,18.088439,0.038429,0.492996,0,0
1981/11/1,165.016,44.74,94.841001,13.847211,24.670378,22.783424,18.963435,0.034422,0.430344,0,0
1981/12/1,175.705,33.66,106.608232,15.772285,22.877206,25.996603,23.87875,0.024938,0.431768,0,0
1982/1/1,192.079,26.22,113.123631,20.673949,22.620535,25.677834,26.895536,0.031048,0.38021,0,0
1982/2/1,182.805,32.59,96.905528,15.216865,20.919528,20.187619,26.689988,0.029893,0.349706,0,0
1982/3/1,173.959,42.03,97.625094,13.494516,23.597611,22.755478,29.884687,0.022064,0.308008,0,0
1982/4/1,164.512,48.63,88.115664,11.192216,23.231222,21.784661,27.927889,0.017477,0.310575,0,0
1982/5/1,158.569,60.8,92.997402,9.867698,24.291498,21.638768,27.970899,0.020032,0.360911,0,0
1982/6/1,168.739,66.33,95.313637,10.419113,27.959064,24.026011,27.9528,0.021842,0.435826,0,0
1982/7/1,183.567,73.2,110.617225,13.38025,33.340356,25.46706,27.293876,0.026428,0.458391,0,0
1982/8/1,189.74,72.09,110.124075,11.753038,34.418117,24.986071,23.89437,0.023119,0.456832,0,0
1982/9/1,178.296,64.04,96.895697,10.363144,27.649118,25.390532,19.895827,0.029536,0.438243,0,0
1982/10/1,163.416,53.26,93.76909,9.885352,25.804497,23.2477,19.750369,0.042765,0.466512,0,0
1982/11/1,160.48,41.13,95.547275,9.312965,21.465602,23.235022,23.296787,0.029598,0.48997,0,0
1982/12/1,170.279,35.82,100.969888,11.238383,19.9626,24.376491,27.759865,0.027116,0.387681,0,0
1983/1/1,179.176,33.12,108.164265,12.879838,19.721254,25.073059,29.234549,0.022547,0.483529,0,0.000172
1983/2/1,173.465,36.86,92.691602,12.585943,16.658895,22.197767,27.949891,0.022688,0.37194,0,0.000018
1983/3/1,167.584,42.4,95.598248,12.556444,19.686264,23.890193,30.302178,0.025879,0.428696,0,0.000313
1983/4/1,163.807,47.01,88.113755,10.336746,19.17385,22.334793,29.98866,0.02223,0.40183,0,0.000214
1983/5/1,158.919,57.94,91.296386,9.050351,20.444768,22.050937,31.193505,0.029391,0.32645,0,0.000251
1983/6/1,171.604,67.1,101.512015,11.138627,23.091183,24.151858,30.692332,0.032689,0.429464,0,0.000212
1983/7/1,194.153,73.99,121.56033,14.709748,29.615086,25.602084,28.113434,0.029722,0.534843,0,0.000097
1983/8/1,208.115,75.06,129.312743,14.730919,33.147159,26.201317,25.827564,0.033901,0.703792,0,0.00001
1983/9/1,201.922,65.59,108.867586,11.298792,28.04045,25.007372,21.711698,0.034584,0.642982,0,0.000378
1983/10/1,176.307,55,101.951282,9.941041,23.782891,25.796805,20.746779,0.037405,0.674082,0,0.000464
1983/11/1,170.474,43.03,103.225255,9.229464,20.169388,25.010113,24.677685,0.036939,0.599874,0,0.000423
1983/12/1,185.428,25.47,117.130811,16.040679,20.56727,26.360821,31.691461,0.050637,0.477619,0,0.000117
1984/1/1,207.252,28.83,120.850261,15.938933,20.245336,29.313313,29.737483,0.058847,0.487953,-0.000069,0.000041
1984/2/1,190.869,37.38,104.70639,10.052549,17.826724,28.435519,27.899634,0.046495,0.596024,0.000061,0.000199
1984/3/1,186.072,40.08,111.157719,10.806168,19.644833,27.344704,30.434977,0.06324,0.654973,0.00017,0.000184
1984/4/1,175.35,49.6,97.541501,7.44951,21.197053,24.231118,29.969929,0.048008,0.646337,0.000323,0.000562
1984/5/1,175.542,60.08,100.13889,8.421629,25.303732,25.866506,31.813517,0.051694,0.619995,0.000703,0.000758
1984/6/1,189.758,68.61,115.425514,11.15174,28.345033,25.299389,28.773014,0.05043,0.601822,0.000945,0.000599
1984/7/1,204.474,73.17,121.094329,10.396601,33.326633,28.284305,27.494516,0.073103,0.574462,0.000253,0.000468
1984/8/1,209.046,73.13,127.743902,12.835775,33.291869,29.493032,25.136934,0.0737,0.719249,0.000883,0.000266
1984/9/1,199.021,63.14,108.86154,7.713431,27.838782,29.1457,20.91098,0.078477,0.647833,0.000976,0.000499
1984/10/1,182.285,53.6,110.800527,7.874495,25.782724,24.773645,20.886515,0.105854,0.711156,0.000683,0.00087
1984/11/1,178.589,41.54,109.75928,9.232298,23.727895,24.574563,22.259171,0.123687,0.702248,0.000337,0.000847
1984/12/1,187.537,34.54,113.6009,7.934784,20.862981,30.871754,25.833574,0.112414,0.778452,-0.000016,0.001197
1985/1/1,202.597,26.31,129.092471,12.077118,22.050835,36.186298,27.543423,0.131009,0.774003,0.000465,0.000635
1985/2/1,202.266,30.87,112.03683,9.270117,19.41744,30.812422,25.902171,0.11854,0.683523,-0.000085,0.001093
1985/3/1,186.113,43.48,111.390703,7.120015,19.848321,31.041225,24.639943,0.133013,0.795867,0.000104,0.00069
1985/4/1,178.53,54.36,104.790423,6.01718,22.425012,26.458274,24.402974,0.08394,0.696907,0.001222,0.000581
1985/5/1,178.781,62.08,111.514668,6.859495,22.481467,28.697365,26.421137,0.089447,0.724684,0.001471,0.000337
1985/6/1,190.305,68.11,115.583004,7.576498,26.739747,30.836969,23.838656,0.08818,0.698184,0.001568,0.000337
1985/7/1,205.201,74.05,128.880144,8.289434,32.19085,35.184214,21.292823,0.116054,0.767624,0.001055,0.000071
1985/8/1,210.66,71.02,126.549659,9.858348,33.915168,34.812142,19.98082,0.129649,0.802236,0.002007,0.000363
1985/9/1,206.262,62.73,114.630253,7.434642,26.272697,34.507709,18.767239,0.121995,0.762515,0.001369,0.000832
1985/10/1,184.73,54.3,111.053345,7.51442,24.119576,31.205154,20.047636,0.117661,0.729992,0.000947,0.000524
1985/11/1,180.229,39.51,108.814643,7.008016,22.453425,30.166489,22.954019,0.128998,0.901352,0.000276,0.000194
1985/12/1,198.299,28.81,127.791979,11.176988,20.031428,33.782468,25.358576,0.124386,0.988343,0.000231,0.000105
1986/1/1,210.264,34.68,130.189924,11.088338,17.47241,36.218874,21.377147,0.114338,1.007682,0.000638,0.000155
1986/2/1,195.154,35.85,110.982428,9.529298,14.924854,32.721017,23.222056,0.08975,0.865407,0.000592,0.000169
1986/3/1,188.99,46.18,110.389796,10.072925,16.149202,30.773127,28.465433,0.081747,0.900114,0.001014,0.00069
1986/4/1,178.47,52.86,98.995106,9.226796,18.96106,30.47666,27.523345,0.077034,0.811665,0.001377,0.000613
1986/5/1,179.57,61.09,104.900302,10.435353,21.947302,31.924086,27.204623,0.080314,0.820177,0.001828,0.00074
1986/6/1,197.389,70.41,120.153987,11.563482,24.767149,31.333867,26.22337,0.081704,0.88986,0.001409,0.000502
1986/7/1,219.272,73.51,136.653936,16.296267,28.711652,35.893532,24.071961,0.098414,0.944107,0.001669,0.000522
1986/8/1,218.394,71.73,123.61762,15.465909,26.352173,37.483147,21.18937,0.11421,0.941909,0.001629,0.00046
1986/9/1,204.297,63.7,113.957353,10.676506,23.456719,36.592616,21.113549,0.104344,0.789335,0.001438,0.000069
1986/10/1,194.193,54.01,108.583774,9.872701,20.876382,36.213556,21.335096,0.094873,0.775916,0.001289,0.000227
1986/11/1,181.791,41.4,109.045451,10.463699,18.044042,34.944105,23.153423,0.108977,0.671542,0.000895,0.000012
1986/12/1,200.969,34.43,118.361775,11.893594,16.845488,39.463476,25.964725,0.131038,0.890243,0.000254,0.00003
1987/1/1,209.721,31.44,126.630512,11.926743,17.788153,39.974825,25.412297,0.122419,0.894259,0.000062,0.000075
1987/2/1,198.218,37.38,109.647934,10.50185,15.119732,36.598257,21.226011,0.11059,0.829269,0.000532,0.000004
1987/3/1,193.655,42.57,111.920394,10.007168,18.349449,37.290006,23.247942,0.124348,0.909237,0.000902,-0.000009
1987/4/1,184.761,53.53,105.474356,7.91158,19.601569,33.51774,22.025217,0.106741,0.856992,0.001278,0.000146
1987/5/1,189.107,62.96,115.155284,8.14579,23.238723,34.320408,24.201911,0.109924,0.900486,0.001251,0.000328
1987/6/1,207.917,70.25,129.350599,10.654604,27.090362,36.560089,20.862595,0.143442,0.924767,0.001665,0.000965
1987/7/1,229.303,73.27,143.502911,12.547339,30.511554,40.055583,20.194515,0.143732,0.95608,0.001785,0.001226
1987/8/1,235.513,71.87,143.194312,11.28895,32.261639,41.352353,18.446335,0.147297,0.952397,0.00119,0.000232
1987/9/1,216.523,65.25,120.777103,7.696435,25.677538,39.665826,18.179678,0.122007,0.888492,0.000774,0.000226
1987/10/1,197.234,52.95,117.742848,6.819448,22.985178,36.491544,17.954602,0.114927,0.899778,0.000576,0.000062
1987/11/1,190.326,43.97,114.17165,9.803399,21.005294,37.43767,16.857141,0.112318,0.869989,0.000322,0.000063
1987/12/1,204.995,34.54,126.213387,11.189264,18.991611,42.006081,21.086729,0.119283,0.893714,0.000159,0.000224
1988/1/1,225.774,27.79,137.845293,16.090408,16.237245,44.65845,22.032781,0.129534,0.901993,0.000458,0.000642
1988/2/1,215.081,33.69,126.267376,11.889894,16.530273,42.246023,19.105436,0.120696,0.776173,0.000767,-0.000001
1988/3/1,205.16,42.4,120.033644,9.768817,19.743729,43.912016,19.514061,0.134755,0.904768,0.001288,0.00003
1988/4/1,192.616,51.82,109.135472,7.493961,19.24149,40.066609,19.103915,0.139534,0.818823,0.000478,0.000031
1988/5/1,191.48,61.21,115.195008,7.210616,23.154533,40.650384,21.238404,0.115641,0.804966,0.001263,0.000016
1988/6/1,212.998,70.88,132.267995,9.754321,26.808398,44.079082,18.832948,0.149096,0.853815,0.001358,0.000013
1988/7/1,237.529,74.79,144.301353,14.059314,31.284129,49.828437,16.903664,0.153856,0.928768,0.001115,-0.000004
1988/8/1,250.489,73.67,152.376525,16.068103,32.701666,49.035279,16.447181,0.176424,0.886209,0.001131,0.000022
1988/9/1,226.305,64.6,124.409811,10.013751,22.213483,46.270481,16.270154,0.150744,0.849671,0.000971,0.000005
1988/10/1,205.505,53.96,121.339387,13.23578,17.315929,42.591127,15.112129,0.147536,0.865865,0.000137,0.000033
1988/11/1,199.126,43.29,121.053811,14.962382,14.542603,39.583296,18.466168,0.125497,0.859595,0.000068,0.000031
1988/12/1,215.999,33.46,136.4271,18.352213,13.027227,44.051863,19.912843,0.130928,0.849434,0.000059,0.000053
1989/1/1,234.564,34.09,135.938512,15.399021,15.62789,46.327876,21.256051,0.931787,1.279108,0.006957,0.145754
1989/2/1,223.667,29.17,127.899361,17.825259,18.592111,38.724747,18.909824,0.882945,1.154869,0.007414,0.223489
1989/3/1,225.984,42.67,127.43517,16.739795,22.382883,39.636347,22.994049,0.809914,1.362218,0.019086,0.255996
1989/4/1,210.781,52.88,116.097898,11.611643,25.170426,33.494851,24.452258,0.847495,1.18197,0.023655,0.238112
1989/5/1,210.377,60.46,119.77496,9.982387,26.481529,38.338755,28.485647,0.976672,1.252563,0.01556,0.204252
1989/6/1,230.583,68.13,129.335273,12.645206,27.521678,42.976005,26.285128,1.054832,1.236567,0.021626,0.156368
1989/7/1,249.439,74.23,139.415012,12.133086,33.84586,52.331024,23.02439,1.206544,1.254023,0.035589,0.142075
1989/8/1,253.2,71.31,142.696276,11.030939,33.129386,54.947688,20.50141,1.255442,1.210107,0.026226,0.103095
1989/9/1,240.873,64.08,127.608668,10.115707,28.452468,44.836739,19.213843,1.297766,1.126904,0.031453,0.280158
1989/10/1,220.658,54.34,123.078513,8.298775,27.504445,43.557735,20.38818,1.362089,1.185474,0.028156,0.175613
1989/11/1,214.861,42.93,125.034968,11.392068,20.191404,43.399433,21.515798,1.394168,1.130863,0.024616,0.122834
1989/12/1,240.503,27.73,148.051586,21.831074,18.395048,50.783516,22.162631,1.305369,1.218775,0.010263,0.064296
1990/1/1,251.276,36.5,133.686091,11.696917,16.039439,55.119378,24.090073,1.567484,1.362239,0.014995,0.301281
1990/2/1,223.126,36.7,117.001605,9.533273,14.5904,49.962644,24.97252,1.50337,1.245569,0.017994,0.231216
1990/3/1,224.607,44.74,124.125711,10.333,20.680483,46.087114,28.660886,1.664764,1.369912,0.025492,0.245229
1990/4/1,215.549,52.52,118.2001,10.301246,22.255089,38.516014,26.268032,1.560371,1.080717,0.027741,0.420392
1990/5/1,218.192,58.86,120.745756,9.590551,26.79816,42.945119,27.765311,1.419508,1.276053,0.046636,0.350327
1990/6/1,236.842,70.23,133.687425,13.558968,33.14168,46.332308,28.545606,1.301404,1.327528,0.037938,0.406379
1990/7/1,262.228,73.26,145.515887,13.026456,36.308701,53.644726,24.499447,1.465115,1.337508,0.046636,0.119111
1990/8/1,263.423,72.28,148.485949,11.058723,38.215897,55.758133,21.909825,1.653082,1.319564,0.048885,0.070065
1990/9/1,255.736,67.35,136.579089,8.107098,33.062008,48.484924,17.810431,1.654166,1.240928,0.03134,0.091085
1990/10/1,232.86,53.98,131.225899,7.311794,28.603739,43.395118,19.328309,1.628726,1.300851,0.03374,0.203189
1990/11/1,219.695,44.92,124.997073,6.319497,20.668422,45.034367,20.837893,1.496712,1.246553,0.016345,0.231216
1990/12/1,233.402,30.83,137.858337,8.026406,19.122332,51.581833,25.064791,1.617669,1.326848,0.019344,0.119111
1991/1/1,252.434,29.48,143.562504,9.332097,19.664753,54.368993,26.608312,2.028595,1.390526,0.019928,0.062125
1991/2/1,228.474,39.81,119.210811,8.792676,16.507563,47.862642,22.810329,1.574557,1.212415,0.021482,0.289918
1991/3/1,223.98,43.32,119.714862,8.889782,22.188512,49.121188,26.797388,1.707003,1.384412,0.006077,0.207084
1991/4/1,215.628,52.54,113.699175,8.079679,24.664017,41.631054,26.649583,1.588201,1.242549,0.006501,0.238147
1991/5/1,227.076,61.97,125.318569,11.126658,28.213584,46.754597,29.382596,1.727423,1.270784,0.062751,0.362397
1991/6/1,247.835,69.08,133.46795,11.292308,29.371659,54.208487,26.64387,1.703087,1.355265,0.067133,0.155313
1991/7/1,267.34,73.89,145.637952,11.142037,37.464644,60.7346,25.231072,1.609044,1.354493,0.082396,0.155313
1991/8/1,269.576,72.99,145.837257,12.007703,37.254405,58.472648,22.525849,1.95717,1.340937,0.071514,0.227793
1991/9/1,255.44,64.9,130.613061,8.750012,30.031692,51.873616,19.143617,2.035123,1.257745,0.060207,0.207084
1991/10/1,232.389,54.75,126.95334,6.561152,30.541526,47.652637,18.331347,1.796059,1.327954,0.035616,0.424523
1991/11/1,227.059,39.43,130.596968,7.876902,22.842625,46.295177,19.169128,1.889564,1.3901,0.025157,0.424523
1991/12/1,238.828,35.74,134.233187,8.947157,19.028379,53.589448,22.726351,1.973777,1.439264,0.013003,0.19673
1992/1/1,250.847,33.62,139.227837,10.583348,20.494781,57.848681,22.537775,2.335722,1.415114,0.008702,0.150001
1992/2/1,236.836,39.7,123.416887,8.606287,20.478253,52.803662,18.723743,2.02073,1.246593,0.011098,0.515629
1992/3/1,230.928,44.71,129.445831,9.13774,25.216944,45.835381,22.70114,1.859409,1.419386,0.014124,0.328128
1992/4/1,222.386,52.54,121.568769,6.748271,27.759865,42.267583,20.318818,1.680985,1.284733,0.029257,0.318753
1992/5/1,223.48,61.16,125.481368,5.348515,28.742424,45.627313,23.156319,1.760069,1.360468,0.046913,0.093751
1992/6/1,238.153,67.44,131.40147,7.788109,31.666964,51.185047,23.399026,1.997207,1.344893,0.045904,0.075001
1992/7/1,264.84,71.22,151.091554,8.859293,40.474767,56.048753,20.460946,2.144729,1.364252,0.062172,0.075001
1992/8/1,264.863,69.84,143.864578,7.181109,36.455697,58.655626,18.956442,2.250476,1.374444,0.060406,0.140626
1992/9/1,251.248,64.67,135.083413,7.096199,33.062196,50.91947,17.508656,2.129496,1.277633,0.04603,0.318753
1992/10/1,236.21,54.54,129.711159,7.166535,25.868244,48.78396,17.219311,2.129113,1.348255,0.037581,0.243752
1992/11/1,229.928,40.06,127.272642,7.093764,22.842205,50.725542,20.256336,1.874182,1.344244,0.028375,0.281252
1992/12/1,247.488,31.75,140.148311,6.628742,21.211783,58.075245,24.777171,2.232863,1.357949,0.00908,0.346878
1993/1/1,255.217,30.47,140.574907,7.667122,20.892492,59.076169,25.77143,2.58031,1.442919,0.009366,0.247393
1993/2/1,239.663,31.14,132.156545,7.34955,20.841993,51.319099,20.800303,2.105546,1.402587,0.017759,0.049479
1993/3/1,244.678,41.79,138.593548,9.075572,24.826749,46.605706,24.320058,2.473402,1.461515,0.034544,0.519526
1993/4/1,226.597,49.91,122.256561,5.5125,22.052109,43.198624,26.382244,1.870618,1.450613,0.054127,0.37109
1993/5/1,224.333,60.89,122.818533,5.578488,20.942573,50.366855,30.373235,1.792797,1.290074,0.049505,0.37109
1993/6/1,247.992,67.21,139.692512,8.270361,32.24207,52.620167,27.600731,1.84406,1.299847,0.035395,0.086588
1993/7/1,281.964,72.16,160.94287,12.011412,41.905624,56.502161,24.462669,1.882425,1.426937,0.062398,0.136066
1993/8/1,287.013,71.89,158.704143,12.68355,45.287448,56.208868,20.758715,2.046581,1.448882,0.068237,0.074218
1993/9/1,264.521,63.3,136.152113,10.336245,33.014883,49.988643,18.049914,2.188511,1.397201,0.05656,0.136066
1993/10/1,240.349,52.97,133.028088,8.111584,30.283827,44.434321,18.004068,2.193516,1.385085,0.033936,0.284502
1993/11/1,234.895,39.22,134.411994,7.92124,27.141927,46.862472,18.769996,2.167526,1.371456,0.026759,0.457677
1993/12/1,253.477,34.2,146.132338,10.9077,22.790135,53.108129,22.2303,2.229896,1.41145,0.013866,0.272132
1994/1/1,273.593,29.34,155.627101,15.825255,22.319587,56.846753,20.826757,2.280611,1.412708,0.025368,0
1994/2/1,250.675,31.87,133.605869,10.465244,19.241706,49.821381,19.95819,2.0071,1.284857,0.021584,0.100401
1994/3/1,243.997,44.51,136.041525,8.628372,24.081673,48.969479,23.040371,2.227847,1.294141,0.049475,0.546629
1994/4/1,231.647,52.66,122.009284,8.318377,26.8083,43.192096,24.115206,1.96989,1.325641,0.048074,0.412761
1994/5/1,232.734,60.67,128.833659,7.577159,27.393044,48.525043,25.285426,1.968302,1.301071,0.050036,0.368138
1994/6/1,264.668,70.95,150.215334,10.716954,40.731943,51.751052,24.423923,2.050981,1.168938,0.056483,0.368138
1994/7/1,291.197,73.62,155.046372,10.099205,46.180999,59.122618,22.81247,2.338217,1.238416,0.053119,0.189647
1994/8/1,285.68,72.21,154.238173,6.572441,49.2785,60.104031,19.820578,2.164556,1.36468,0.039384,0.133868
1994/9/1,266.757,65.55,134.544362,5.448297,38.16059,55.628189,16.186894,1.989478,1.261829,0.049615,0.312359
1994/10/1,246.075,54.21,132.076877,4.949521,34.362058,50.702568,17.101532,2.412365,1.294504,0.055782,0.356982
1994/11/1,238.527,42.57,125.930588,4.856304,30.172783,55.279658,18.695046,2.329717,1.280548,0.027611,0.49085
1994/12/1,255.337,36.23,138.106948,5.21949,26.958141,60.496964,21.738433,2.477062,1.308122,0.010091,0.167335
1995/1/1,267.382,33.08,145.267305,4.658381,26.378645,63.341706,24.43476,1.978745,1.151068,0.005211,0.005703
1995/2/1,250.262,37.36,131.022453,7.8871,22.400125,51.858111,24.606214,1.66684,0.835906,0.009024,0.023382
1995/3/1,248.535,43.34,129.51621,3.450021,32.524436,51.87992,28.071151,1.804954,0.918627,0.017666,0.004562
1995/4/1,234.055,49.41,121.167787,3.71298,30.094136,49.320883,24.145375,2.342304,0.794558,0.05122,0.006843
1995/5/1,241.4,58.64,128.539292,4.916989,33.640039,54.386954,27.296888,1.566154,0.718396,0.067997,0.408613
1995/6/1,266.831,67.55,140.85791,4.952429,38.730404,56.380848,29.697961,2.029891,0.791132,0.081342,0.498433
1995/7/1,295.762,73.54,161.553153,8.121871,52.865374,62.037146,26.991234,2.339451,0.860002,0.072572,0.619905
1995/8/1,313.962,74.32,170.042788,9.248235,60.566355,61.660819,23.952016,2.46336,1.478777,0.070284,0.545767
1995/9/1,278.708,64.69,137.9522,5.431737,41.574692,55.689862,19.67775,2.263894,1.034776,0.052237,0.572856
1995/10/1,253.837,54.45,133.951168,3.919799,31.476719,54.29347,22.747616,2.494049,1.744081,0.035968,0.25663
1995/11/1,247.693,42.04,136.583551,3.943608,26.272859,52.708355,25.0961,2.409729,1.562952,0.025165,0.125179
1995/12/1,265.537,33.42,149.602502,7.902703,22.654809,59.844049,28.693371,2.223181,1.487983,0.008134,0.096379
1996/1/1,285.304,29.7,155.428691,8.740992,23.145702,62.941562,30.190041,1.922839,0.9683,0.012993,0.147279
1996/2/1,267.834,35.69,140.232939,9.153968,19.212431,55.927692,31.246296,1.843266,0.987784,0.019079,0.111817
1996/3/1,261.478,39.02,141.140094,6.774972,21.933493,55.47388,33.295511,2.136262,0.926931,0.059209,0.187533
1996/4/1,241.353,50.65,127.693673,3.554463,23.947867,50.32524,31.292068,1.696053,1.05334,0.07434,0.2444
1996/5/1,251.7,60.98,137.115928,4.432699,36.652423,55.636922,32.685497,1.883533,0.707462,0.085689,0.391679
1996/6/1,278.867,69.87,148.971279,6.197986,41.417214,57.497751,31.37282,2.264086,1.060028,0.091281,0.375705
1996/7/1,299.818,73.63,161.666107,8.42041,49.20132,60.953431,28.374968,2.499452,1.519593,0.071215,0.535125
1996/8/1,304.211,72.43,164.996464,7.028775,50.793369,61.476508,25.811954,2.209008,1.572002,0.031907,0.415001
1996/9/1,280.718,63.46,145.153849,5.391368,39.290067,54.59287,21.755618,2.208403,1.359024,0.010033,0.351425
1996/10/1,258.423,53.65,145.45867,3.730071,31.445012,50.612356,22.204205,2.682122,1.45237,0.028289,0.253026
1996/11/1,253.611,39.63,148.092563,4.769302,23.822316,52.131809,23.148959,2.504786,1.473885,0.019901,0.098718
1996/12/1,270.449,33.91,156.022734,6.587858,17.896078,57.158525,29.7809,2.352769,1.247965,0.017269,0.12236
1997/1/1,288.652,29.95,164.259486,9.148459,18.820869,58.914427,32.422741,2.183662,1.115892,0.011748,0.120475
1997/2/1,262.503,36.05,137.486321,4.982042,18.984181,50.657615,31.001351,2.035157,0.833894,0.034215,0.108923
1997/3/1,256.201,44.67,140.371152,4.832967,25.628745,50.414084,34.423384,2.117443,1.178867,0.044935,0.148531
1997/4/1,247.091,47.91,134.17215,4.366151,26.585961,44.882839,31.553015,2.323836,1.303916,0.061969,0.324018
1997/5/1,249.439,59.4,138.618583,4.951112,31.266462,47.031786,33.627131,2.4343,1.267653,0.052864,0.350423
1997/6/1,274.074,68.31,148.700259,7.483573,40.091513,52.094784,33.894816,2.108785,1.035731,0.078122,0.517108
1997/7/1,310.389,73.18,170.167271,10.089968,56.922638,57.352132,31.140592,2.299087,1.377737,0.072395,0.509406
1997/8/1,308.544,71.74,165.377068,8.576106,52.463179,61.0837,26.467482,2.368293,1.360902,0.060207,0.53031
1997/9/1,291.931,66.42,154.218768,8.550589,45.480715,52.58611,23.017552,2.080745,1.298792,0.033774,0.260204
1997/10/1,276.559,53.92,154.806215,7.889733,32.793804,46.981239,24.331633,2.611489,1.283962,0.0326,0.274507
1997/11/1,259.225,40.87,148.728808,7.407142,23.99255,51.188914,23.324421,2.317221,1.279228,0.016447,0.072615
1997/12/1,277.242,34,163.855678,8.201209,26.565204,55.456541,25.443845,2.284776,1.389527,0.011894,0.071515
1998/1/1,284.851,34.99,160.360115,7.089253,23.759345,57.88888,28.330826,2.314517,1.402262,0.00878,0.017395
1998/2/1,261.068,38.71,139.689849,6.307912,18.713574,50.998718,29.488745,1.991889,1.113638,0.006785,0.008186
1998/3/1,266.726,41.34,147.901511,9.631865,27.296746,53.711047,31.151956,2.331227,1.388853,0.049888,0.006139
1998/4/1,252.048,51.06,135.407765,7.562351,26.849263,47.502988,28.124049,2.303393,0.914509,0.055476,0.085951
1998/5/1,267.087,62.47,148.792084,10.57737,39.576722,51.496327,32.634424,2.505491,0.823407,0.037715,0.143252
1998/6/1,296.878,68.13,161.122231,13.468566,50.933616,55.731853,31.794087,1.810961,1.009301,0.06685,0.394967
1998/7/1,328.411,75.49,176.980559,15.100741,61.295676,61.499085,28.174369,2.362347,1.280061,0.081018,0.547429
1998/8/1,333.857,74.03,176.421013,14.468937,62.241478,60.368984,24.686119,2.411754,1.377533,0.072837,0.421571
1998/9/1,311.12,68.99,158.732176,11.692334,52.481099,57.205864,20.474207,2.330719,1.352908,0.051884,0.475803
1998/10/1,279.719,55.13,147.849329,8.141602,34.765459,57.429377,18.565227,2.574805,1.493723,0.037516,0.298784
1998/11/1,262.297,44.91,141.174369,8.211209,24.971717,57.37239,19.681952,2.084149,1.330988,0.020155,0.181112
1998/12/1,281.035,35.55,155.762305,9.95895,26.407884,62.496591,24.76066,2.820053,1.286734,0.01357,0.445106
1999/1/1,298.421,33.78,163.017163,12.577741,27.518612,65.689472,29.07039,2.384994,1.323272,0.007667,0.337019
1999/2/1,264.108,39.49,139.944645,9.994242,23.333051,57.489279,28.255888,2.197965,1.06611,0.014029,0.308918
1999/3/1,274.11,42.8,148.914579,10.683528,31.705667,58.838125,31.590462,2.100256,1.254848,0.038334,0.446692
1999/4/1,260.766,51.55,140.376421,9.008366,38.815715,48.529139,26.921795,2.487126,1.055693,0.05481,0.373317
1999/5/1,269.133,60.06,146.738455,9.317124,41.299393,56.056776,28.554204,2.829404,1.309989,0.063292,0.275548
1999/6/1,298.908,68.31,159.879779,10.274429,49.195929,62.300248,30.100784,2.453345,1.212609,0.066065,0.253887
1999/7/1,340.414,74.3,181.287756,14.840022,65.082512,66.814583,29.233124,2.5311,1.223695,0.066555,0.456059
1999/8/1,339.129,72.91,175.317462,12.320725,63.945144,68.142717,25.333959,2.388614,1.249497,0.054647,0.382294
1999/9/1,309.115,64.35,156.297977,7.722669,42.500647,60.935054,20.573213,2.336498,1.255613,0.038008,0.377415
1999/10/1,279.076,54.75,148.843457,6.446206,36.918665,55.343056,19.5993,2.194595,1.301961,0.048611,0.418591
1999/11/1,266.138,48.11,142.367465,4.413309,26.158826,60.552304,20.840674,2.377683,1.235067,0.025121,0.354192
1999/12/1,284.399,36.1,155.632564,3.940767,26.521795,67.563373,24.589265,2.172175,1.338658,0.017944,0.504066
2000/1/1,301.224,33.57,176.226539,6.953378,32.342739,70.762352,24.95298,2.212753,1.272318,0.009119,0.645286
2000/2/1,285.462,39.78,157.450381,4.640703,28.803653,64.178502,22.137989,2.465028,1.173817,0.021147,0.705904
2000/3/1,276.303,46.04,154.990249,4.333731,35.966894,62.736512,26.292566,2.741671,1.186479,0.027356,0.350019
2000/4/1,262.79,52.59,140.225117,4.531761,37.303423,58.259145,28.051827,2.694356,1.242898,0.036862,0.330074
2000/5/1,283.661,63.14,153.663907,8.370158,51.929914,63.975913,26.999355,2.802888,1.19011,0.054712,0.408095
2000/6/1,313.914,69.03,166.892895,10.777186,52.073745,67.29855,24.798005,2.303759,1.164041,0.058204,0.447007
2000/7/1,332.548,73.87,172.583076,10.206685,62.497457,68.971667,23.759607,2.5174,1.199699,0.082456,0.379937
2000/8/1,346.745,74.05,179.400573,12.662874,68.384587,67.22615,21.643161,2.463803,1.201654,0.066352,0.376417
2000/9/1,317.831,65.57,160.11333,10.91314,48.759429,58.266574,17.527015,2.313229,1.008004,0.061696,0.33242
2000/10/1,287.107,55.09,157.145875,8.391103,36.868713,52.469741,16.921949,2.58806,1.087326,0.040161,0.411419
2000/11/1,277.982,38.03,153.697147,7.161977,30.88084,56.471424,18.866338,2.432265,1.146445,0.019983,0.823033
2000/12/1,306.789,28.44,170.722202,16.249427,32.166607,63.27641,19.386899,1.687947,1.220367,0.015327,0.383652
2001/1/1,325.135,31.35,175.303443,17.395982,35.26074,68.707077,18.611423,1.831074,1.229325,0.0065,0.38925
2001/2/1,284.756,33.98,148.059242,9.816608,31.636081,61.272407,17.231563,1.608154,1.073044,0.012568,0.431242
2001/3/1,282.825,41.49,153.452065,11.206697,37.452992,62.140712,20.132657,1.746264,1.190023,0.031498,0.53212
2001/4/1,267.023,53.08,139.033762,10.415996,39.413099,56.003026,17.722781,1.657996,1.094991,0.038759,0.684695
2001/5/1,277.245,62.82,150.043237,9.93371,44.283324,61.512445,18.875189,1.744688,1.07138,0.081053,0.635029
2001/6/1,303.011,69.24,160.887899,11.412905,50.854424,68.023098,20.429638,1.855202,1.087828,0.091143,0.669634
2001/7/1,330.163,74.48,177.141591,10.587483,65.545858,69.16604,17.832011,1.8996,1.178533,0.091994,0.634992
2001/8/1,347.193,74.3,181.052501,13.77052,70.693358,68.389496,18.592898,1.920935,1.167238,0.085299,0.577206
2001/9/1,309.594,65.7,152.449852,6.925826,53.011705,63.378451,15.009421,1.765404,1.13901,0.064803,0.490229
2001/10/1,281.455,54.37,147.218337,6.081118,49.147153,60.460967,15.024444,1.708051,1.161727,0.020813,0.606829
2001/11/1,266.216,47.41,142.472721,5.520169,37.493802,62.341711,15.211317,1.702468,1.15717,0.014289,0.470448
2001/12/1,282.491,36.12,155.711485,6.081876,40.147146,67.430878,19.07595,1.79839,1.190232,0.004036,0.615657
2002/1/1,305.271,34.48,162.520952,6.264842,40.827445,70.925863,21.49833,1.889374,1.287483,0.01132,0.811402
2002/2/1,276.556,36.39,141.429883,5.300406,37.533119,61.658274,19.911735,1.607038,1.132195,0.023565,0.713931
2002/3/1,281.198,39.54,149.724027,7.826112,43.875369,63.040647,20.731744,1.869646,1.244968,0.044397,0.852102
2002/4/1,271.16,53.49,140.49799,7.463229,42.700533,58.437062,23.929248,1.678803,1.114735,0.045858,1.024417
2002/5/1,282.99,59.29,149.646226,7.766518,43.200381,63.032192,26.375039,1.791246,1.215874,0.05764,1.077641
2002/6/1,310.461,70.86,162.73626,7.427938,58.686294,66.371896,27.957118,1.889005,1.150799,0.095543,1.126316
2002/7/1,352.411,75.85,181.001267,9.503932,76.390914,70.420827,25.196104,2.00488,1.262246,0.085537,0.890455
2002/8/1,352.9,72.86,177.961921,9.349812,76.93597,70.777688,20.80583,1.990352,1.227097,0.074925,0.976691
2002/9/1,324.316,66.85,163.497093,7.702867,61.38109,64.48079,16.838834,1.920382,1.195081,0.052608,0.735829
2002/10/1,297.643,51.84,157.194815,7.690444,47.931718,60.493052,16.827692,1.800215,1.235076,0.030956,0.734355
2002/11/1,276.449,41.97,154.171746,5.816874,38.736618,61.520324,19.281652,1.802723,1.189365,0.028175,0.655947
2002/12/1,300.296,35.08,170.230632,7.620294,39.483793,68.905472,21.138061,1.910683,1.236391,0.004307,0.755194
2003/1/1,319.369,32.81,179.356205,12.090287,42.546203,69.211084,20.238755,2.019004,1.25764,0.013217,0.632339
2003/2/1,295.275,32.79,155.283289,10.312614,37.040553,60.941869,19.473938,1.775424,1.130352,0.01783,0.745375
2003/3/1,288.217,43.3,153.322956,9.746795,39.959137,59.933261,23.830133,1.947939,1.212859,0.050027,1.036104
2003/4/1,269.942,51.89,140.368836,8.152092,38.725144,56.775591,24.51234,1.869641,1.166455,0.060309,1.092766
2003/5/1,282.607,60.98,148.573997,7.602584,42.536347,62.20196,29.00286,1.814146,1.168695,0.067962,1.006383
2003/6/1,304.355,68.05,160.558842,10.512538,47.554342,64.180727,28.217145,1.875034,1.222791,0.090682,1.047145
2003/7/1,349.042,75.47,180.005823,11.681525,69.623298,69.652754,24.472351,2.110984,1.227969,0.062407,0.953396
2003/8/1,356.772,74.66,183.469256,11.984963,75.772889,69.023878,22.596952,2.099156,1.219447,0.061992,0.815429
2003/9/1,320.492,64.96,163.243213,8.222075,52.177603,63.583645,18.143748,1.941994,1.203498,0.055857,0.895054
2003/10/1,291.353,56.55,157.577568,8.118788,45.022385,60.016207,18.092996,1.899941,1.195451,0.035436,0.897161
2003/11/1,276.443,42.35,156.536197,6.080397,38.942101,59.60002,19.362887,1.920923,1.151237,0.014031,0.961433
2003/12/1,308.164,35.29,174.417644,9.192542,37.403387,68.611699,23.567553,2.061123,1.267837,0.004251,1.104881
2004/1/1,322.657,30.34,178.714851,14.534853,41.225862,70.80616,22.650527,1.912458,1.294777,0.01261,0.999445
2004/2/1,299.938,33.57,159.7829,8.801184,43.660996,64.101949,20.626488,1.831662,1.214123,0.010862,1.021569
2004/3/1,292.001,47.41,152.551421,9.200141,43.021771,63.285116,22.628665,1.907876,1.241004,0.052929,1.291224
2004/4/1,276.309,52.68,139.830581,8.56697,45.313735,58.620255,20.670046,1.781645,1.161384,0.056902,1.294857
2004/5/1,293.021,61.92,155.287538,9.755293,54.948335,64.917412,23.810747,1.858294,1.207536,0.081776,1.701651
2004/6/1,321.851,68.09,165.842103,10.328212,57.732388,67.734073,25.051758,1.837325,1.224702,0.087876,1.397206
2004/7/1,348.864,72.9,179.599998,11.540972,71.760175,71.97504,23.112612,2.013684,1.277531,0.082103,1.16437
2004/8/1,345.396,70.16,176.372529,10.58518,70.521528,71.068483,21.364174,2.003757,1.257163,0.072846,1.050719
2004/9/1,322.373,65.66,162.593099,8.266733,60.912066,65.932057,20.206461,1.879667,1.188383,0.060632,1.089615
2004/10/1,295.213,55.36,155.903778,7.270965,50.715801,62.530352,18.564343,1.893555,1.276349,0.033521,1.028873
2004/11/1,283.555,43.99,155.766731,6.427659,43.152602,58.940863,20.580649,1.860588,1.212013,0.015342,0.932203
2004/12/1,314.771,35.06,174.942182,9.400145,44.206362,68.616627,25.797379,2.017679,1.256009,0.007758,1.172009
2005/1/1,322.027,33.39,175.247522,11.527956,44.878568,69.828239,23.922186,1.965312,1.252144,0.008668,1.131569
2005/2/1,291.198,37.94,154.168211,6.845047,38.99153,60.946934,21.331317,1.781358,1.063014,0.013082,0.966482
2005/3/1,299.356,42.31,161.863022,7.87284,45.469895,61.53853,22.63235,1.987436,1.204252,0.038157,1.560626
2005/4/1,276.073,52.27,141.460358,6.485738,45.942591,55.48401,22.77114,1.757558,1.187134,0.058263,1.697504
2005/5/1,285.776,59.56,152.345331,6.322758,48.412051,62.970464,27.003462,1.932145,1.264308,0.081153,1.74643
2005/6/1,332.524,69.21,173.147214,10.359585,68.531965,66.144275,26.480081,1.976647,1.248056,0.088476,1.796924
2005/7/1,369.851,75.31,184.212948,12.490993,88.976827,71.070011,25.66208,2.148449,1.272697,0.072329,1.420942
2005/8/1,376.918,73.2,185.729956,14.027617,92.87674,71.38155,21.342963,2.133127,1.253785,0.075845,1.138032
2005/9/1,343.197,67.37,169.922065,11.857298,67.093384,66.738979,17.143174,1.992533,1.222659,0.061108,1.468347
2005/10/1,308.589,55.38,160.731395,9.728024,50.865467,61.235597,17.781249,1.879054,1.247204,0.037665,1.44619
2005/11/1,285.77,45.01,157.091052,6.445689,43.987558,62.912709,19.124366,1.956826,1.21961,0.012755,1.609691
2005/12/1,319.705,32.7,176.134804,12.518307,47.80235,71.735067,21.845408,2.090525,1.25688,0.002793,1.827814
2006/1/1,317.44,38.93,167.478176,5.689891,36.949147,71.911532,27.067062,2.117176,1.229567,0.012935,2.382633
2006/2/1,292.304,34.83,157.015046,4.525106,41.293567,62.615654,24.469271,1.956699,1.110817,0.019533,1.921958
2006/3/1,301.873,42.62,159.588963,3.62257,48.452683,63.720849,24.40203,2.085726,1.26129,0.033404,2.358632
2006/4/1,279.531,55.26,139.729958,4.348614,50.049901,57.567204,28.36099,1.738707,1.129089,0.052074,2.471762
2006/5/1,299.481,62.28,155.290028,4.075,58.634869,62.775701,30.627686,1.930257,1.095602,0.070735,2.458683
2006/6/1,333.941,70.75,167.906785,5.427764,74.183973,68.391472,29.571103,1.995711,1.199177,0.069702,2.051766
2006/7/1,375.668,76.41,185.951209,6.648414,100.468983,72.186494,25.216498,2.135559,1.261352,0.061656,1.955064
2006/8/1,381.93,73.4,187.576335,7.970018,98.905403,72.016095,21.545687,2.185618,1.288959,0.082993,1.655187
2006/9/1,329.36,63.3,159.899187,4.289518,65.915722,66.642327,16.996491,2.005235,1.219458,0.05399,1.879144
2006/10/1,303.708,52.59,159.674126,4.595537,63.532326,57.509306,16.773581,2.000249,1.275227,0.032283,2.44213
2006/11/1,288.99,44.08,157.81729,4.393661,46.949934,61.392321,19.903375,2.025458,1.207438,0.015686,2.540489
2006/12/1,312.62,36.57,171.810042,4.122143,49.080366,70.489681,21.320148,2.092518,1.290052,0.002713,2.47169
2007/1/1,326.361,31.35,174.252799,5.573683,53.80857,74.006184,25.853423,2.328976,1.295617,0.012842,2.452315
2007/2/1,310.81,32.41,162.199173,8.427406,51.62642,65.224794,18.41999,1.882344,1.12249,0.019244,2.519793
2007/3/1,301.738,47.66,158.273044,4.988035,50.025564,64.305153,23.969348,2.02054,1.20413,0.048488,3.047092
2007/4/1,285.197,50.54,144.798894,4.673213,54.126274,57.301424,23.69439,1.80852,1.157975,0.054464,3.171703
2007/5/1,303.074,62.33,155.99134,4.474645,59.991154,65.024555,25.867369,1.957862,1.154708,0.084192,2.952341
2007/6/1,333.313,69.87,171.993816,5.417058,74.887707,68.923074,22.690273,2.096944,1.238178,0.084458,2.620416
2007/7/1,363.692,74.7,183.483472,5.141653,90.156891,72.738535,22.387101,2.186944,1.250382,0.085793,2.158372
2007/8/1,384.929,74.64,188.516118,6.815204,113.394841,72.75091,19.864682,2.215548,1.254578,0.075163,2.699365
2007/9/1,348.051,66.43,167.888405,4.650261,81.510923,67.578578,14.665919,2.125402,1.217726,0.068212,2.866722
2007/10/1,318.395,56.68,160.696139,4.446107,71.320587,61.689542,14.696096,2.095669,1.264546,0.049233,3.37654
2007/11/1,296.422,44.01,157.9356,2.835109,54.031424,64.899278,15.554257,2.106961,1.210973,0.024302,3.095036
2007/12/1,318.249,33.22,172.361497,3.863941,59.871551,71.982726,18.179868,2.179881,1.265909,0.005402,3.490232
2008/1/1,338.211,30.27,181.336696,4.145073,65.196676,70.73457,20.611016,2.188734,1.208838,0.016288,4.273185
2008/2/1,315.863,34.7,165.343004,3.376785,53.459813,65.130385,18.626748,2.041109,1.086683,0.035838,3.851749
2008/3/1,305.763,41.86,159.283729,2.855927,55.499442,64.716468,21.484681,2.170335,1.250801,0.074593,4.78202
2008/4/1,288.593,50.4,145.586621,3.141496,56.765074,57.332716,22.050355,2.055895,1.218121,0.094132,5.225282
2008/5/1,299.24,59.36,153.47266,3.154704,55.664508,64.825901,27.045787,2.035498,1.258915,0.098735,5.340284
2008/6/1,339.983,69.6,169.600094,4.676269,77.684894,70.319366,29.043352,2.192094,1.260302,0.128152,5.140376
2008/7/1,372.807,74.08,185.208307,3.904348,92.534204,74.31827,25.428544,2.371784,1.278754,0.110868,4.008401
2008/8/1,364.047,72.28,179.081504,3.553728,92.025284,72.617066,21.111171,2.307435,1.272715,0.105272,3.264406
2008/9/1,331.964,65.21,159.933077,3.888301,73.270237,67.053867,16.080543,2.140246,1.233687,0.092588,3.111452
2008/10/1,302.497,53.98,150.46361,3.030362,66.623548,62.820353,15.371753,2.08817,1.276855,0.060238,4.756401
2008/11/1,288.196,43.92,153.01619,3.104537,55.481553,63.408145,15.545903,2.163896,1.233292,0.028845,4.993646
2008/12/1,318.996,31.87,166.512092,4.04969,58.166278,72.931328,20.695686,2.261185,1.261013,0.018686,6.615899
2009/1/1,331.993,31.05,170.625513,5.735916,59.968604,74.102489,23.316494,2.245743,1.28881,0.00719,5.950812
2009/2/1,295.889,36.77,139.742743,2.998896,56.163926,64.227211,17.662097,2.081005,1.167779,0.030442,5.852151
2009/3/1,294.059,42.87,134.313758,3.076896,61.836789,67.240567,21.623957,2.205531,1.300335,0.078103,7.099043
2009/4/1,274.99,50.92,124.802774,2.557206,55.300721,59.408407,25.570066,2.05557,1.222104,0.099411,7.457674
2009/5/1,285.043,61.65,130.526754,2.964667,62.125224,65.395452,29.364088,2.071964,1.235186,0.110419,6.261944
2009/6/1,316.044,68.54,146.84498,2.993508,77.591126,69.734736,29.055461,2.28574,1.208799,0.103407,5.599407
2009/7/1,349.353,72.63,156.943112,3.110772,94.487312,72.948979,23.242949,2.393656,1.2554,0.121182,4.95493
2009/8/1,356.666,71.89,161.916545,3.39051,101.635828,72.244597,19.443567,2.416587,1.251219,0.116285,5.46446
2009/9/1,321.62,66.38,135.949798,2.606674,84.942066,65.751794,17.262643,2.19272,1.216783,0.09499,4.650692
2009/10/1,297.911,50.5,138.66706,2.339805,65.852375,58.020927,19.55209,2.139991,1.221079,0.068098,6.813608
2009/11/1,278.659,45.84,135.643906,1.846265,56.734611,59.069208,20.864873,2.211238,1.273265,0.040401,6.875162
2009/12/1,321.505,29.64,165.146083,2.189912,64.36707,70.710218,24.547608,2.392013,1.3679,0.021208,6.906041
2010/1/1,342.963,30.67,171.66023,4.110642,66.846916,72.569341,22.207396,2.304974,1.31184,0.009838,6.853068
2010/2/1,308.604,31.8,151.461095,2.165584,59.55587,65.24537,20.421122,2.133029,1.159038,0.032766,5.430995
2010/3/1,303.395,43.57,142.664919,2.299006,56.491681,64.634721,20.690727,2.33028,1.306596,0.075858,8.587545
2010/4/1,277.143,53.24,125.61464,2.108936,58.123504,57.611073,18.89849,2.170978,1.240251,0.112093,9.762845
2010/5/1,294.34,59.88,141.669249,2.80133,66.862133,66.658365,24.903212,2.189145,1.310548,0.15291,8.696024
2010/6/1,341.93,70.48,163.912106,3.792107,85.033288,68.301322,29.710671,2.364252,1.263676,0.175107,8.047996
2010/7/1,380.708,74.71,177.777932,4.199306,106.960747,71.913468,24.405175,2.47965,1.273616,0.160517,6.722928
2010/8/1,384.067,74.05,175.848474,3.375316,112.960941,71.574103,20.019365,2.487223,1.296912,0.15555,6.684777
2010/9/1,338.964,66.49,147.157217,2.608186,85.497765,69.371195,17.187552,2.338144,1.252569,0.136867,7.104319
2010/10/1,298.445,56.14,130.662656,2.037048,70.876258,62.750833,17.561478,2.216747,1.222,0.074937,7.942198
2010/11/1,285.42,42.31,133.815364,1.879483,62.305479,62.655206,19.425593,2.346253,1.25233,0.076341,9.745848
2010/12/1,330.773,32.47,165.493662,3.301781,69.874833,73.683304,23.024143,2.461396,1.329837,0.04283,9.057633
2011/1/1,345.36,29.71,169.390428,3.229362,66.932337,72.742813,25.386279,2.227739,1.346945,0.037317,8.547185
2011/2/1,306.946,33.04,137.082332,2.25524,59.379823,64.789078,23.969663,2.065769,1.215006,0.080875,10.447502
2011/3/1,302.45,43.07,133.583554,2.525729,59.361715,65.661598,30.944533,2.19633,1.337484,0.116353,10.540223
2011/4/1,285.584,51.96,123.271719,2.257015,63.256726,54.547338,31.007715,1.956112,1.239063,0.155268,12.416544
2011/5/1,298.674,59.13,135.820363,2.218093,68.174639,57.012914,32.386101,2.05551,1.317548,0.180639,11.767314
2011/6/1,339.888,69.82,156.71615,2.438455,83.426133,65.270134,31.998723,2.300391,1.214562,0.210369,10.980752
2011/7/1,382.828,76.14,175.129232,3.005887,111.50221,72.34485,31.173148,2.461264,1.26904,0.180582,7.485665
2011/8/1,385.012,75,169.798386,2.449307,111.539534,71.338566,25.665968,2.445437,1.274632,0.217653,7.470655
2011/9/1,337.446,66.09,139.648363,2.271616,84.299595,66.848854,21.254039,2.235403,1.225547,0.177315,6.8655
2011/10/1,298.637,55.09,125.441682,1.894066,71.962168,63.33697,19.659526,2.161569,1.280628,0.1512,10.519093
2011/11/1,286.123,43.75,120.322853,1.632438,68.262278,64.47388,20.532639,2.202511,1.271218,0.103049,12.431199
2011/12/1,313.652,35.4,131.685671,2.024952,78.193218,71.837372,23.552188,2.414084,1.324395,0.116662,10.649244
2012/1/1,322.643,36.12,127.873502,2.132002,83.122265,72.381186,22.82956,2.32461,1.263252,0.091177,13.624289
2012/2/1,298.001,37.51,112.773619,1.67238,83.307869,63.847023,20.040899,2.161988,1.19333,0.129102,11.045455
2012/3/1,294.744,50.41,104.410422,1.303815,85.000984,61.728613,25.672166,2.245914,1.285149,0.22134,14.019244
2012/4/1,281.294,54.68,95.2843,1.286544,87.748036,55.870931,26.113365,2.032931,1.248299,0.304907,12.701961
2012/5/1,308.266,63.45,114.929688,1.526776,99.625294,62.081445,28.427488,2.199292,1.303996,0.445155,12.53501
2012/6/1,336.586,70.54,130.147235,1.839836,107.684977,65.140085,26.481879,2.303743,1.27748,0.507994,11.966928
2012/7/1,383.49,76.77,159.177892,2.08649,130.133133,69.129329,26.35188,2.490795,1.320648,0.491553,8.817833
2012/8/1,377.208,73.8,150.940993,1.820821,123.159522,69.602111,22.880059,2.491822,1.303839,0.444966,8.465203
2012/9/1,329.457,66.31,124.49593,1.595332,100.26703,64.510882,17.442932,2.311139,1.299983,0.438986,8.785174
2012/10/1,301.882,53.89,119.952488,1.556107,84.207048,59.743218,16.306084,2.29778,1.329149,0.415015,12.62836
2012/11/1,289.518,44.01,127.64776,1.514587,72.601394,56.712757,18.517724,2.299719,1.347052,0.335154,11.642313
2012/12/1,309.216,35.92,132.923026,1.737065,75.93353,68.583669,22.795464,2.445988,1.390249,0.338691,14.516935
2013/1/1,332.978,32.25,136.952224,2.501174,80.389223,71.405817,24.501076,2.391274,1.38188,0.299864,14.729376
2013/2/1,302.559,34.77,122.483696,1.817759,72.969846,61.483385,20.051157,2.122529,1.236235,0.416872,14.068169
2013/3/1,309.226,40.91,129.46924,1.779261,76.76498,62.947389,20.227724,2.433726,1.378216,0.596287,15.747704
2013/4/1,288.858,49.68,110.786244,1.668736,70.626388,56.766882,24.842499,2.133312,1.274158,0.639869,17.46826
2013/5/1,301.006,60.85,118.379725,2.1486,76.243906,62.848155,28.117624,2.370009,1.307711,0.723667,16.229626
2013/6/1,332.17,70.39,137.160145,2.098348,91.67151,66.42969,27.051113,2.396694,1.278254,0.83925,13.741551
2013/7/1,371.732,74.21,151.653145,2.553012,111.958904,70.539238,26.929155,2.54288,1.336882,0.79939,11.088176
2013/8/1,366.262,72.99,148.288398,2.196618,112.60319,71.344379,21.389403,2.696243,1.322436,0.913539,9.629477
2013/9/1,335.24,66.96,132.046768,1.971739,94.19341,65.798971,16.719154,2.480252,1.2993,0.916882,11.667873
2013/10/1,305.992,53.44,119.942622,1.808588,80.871842,63.183533,16.957971,2.432777,1.363499,0.954478,13.626692
2013/11/1,293.212,41.61,119.85761,1.695943,76.366521,64.975456,17.468531,2.541115,1.230481,0.798631,15.789997
2013/12/1,329.095,31.06,140.702679,2.269884,84.289053,71.293578,20.80304,2.679666,1.365619,0.825754,13.954808
2014/1/1,353.281,30.56,155.916303,6.784053,82.969115,73.162609,21.510051,2.763356,1.355016,0.734035,17.894628
2014/2/1,319.624,32.13,142.217613,2.577787,68.729632,62.63895,17.288943,2.534575,1.20613,0.813912,13.996556
2014/3/1,313.811,40.51,135.290235,2.998752,70.517286,62.39708,24.138771,2.80511,1.337666,1.28646,17.722091
2014/4/1,286.669,51.69,108.278679,1.583358,69.583346,56.384588,25.309511,2.505754,1.313535,1.452902,18.621253
2014/5/1,302.617,61.27,117.738378,1.870214,81.644871,62.94743,26.410381,2.526594,1.332361,1.710134,15.590568
2014/6/1,334.168,69.58,136.469816,1.845144,90.902463,68.138232,25.640481,2.807723,1.293375,1.882789,15.786207
2014/7/1,363.879,73.29,148.472187,1.867476,106.69552,71.940126,24.264937,2.948491,1.319572,1.748222,12.176417
2014/8/1,364.304,72.25,147.328991,1.872887,113.909793,71.128746,19.708479,2.897198,1.329209,1.838701,10.162132
2014/9/1,338.526,66.2,125.061692,1.777295,98.690158,67.5345,15.985802,2.726334,1.307519,1.795427,11.509814
2014/10/1,307.896,56.93,110.322186,1.367937,90.053412,62.390988,17.063468,2.630936,1.345091,1.679931,14.492259
2014/11/1,296.701,39.25,118.117548,1.576886,76.71062,65.140185,18.523868,2.703527,1.362469,1.350916,18.847512
2014/12/1,321.799,36.81,123.560732,1.9211,82.76611,73.362548,22.201519,2.77867,1.374999,1.010708,14.696468
2015/1/1,341.881,33.08,131.430696,2.788886,93.449617,74.269974,24.014015,2.717756,1.361915,1.13415,15.146256
2015/2/1,317.472,32.99,126.023568,6.073587,84.206929,63.461493,22.178869,2.494953,1.260099,1.45934,14.907638
2015/3/1,316.455,45.39,107.471004,1.644007,92.110335,64.546799,24.147991,2.620498,1.393994,2.03734,15.292972
2015/4/1,286.119,53.24,88.146966,1.570169,85.827666,59.784495,22.330535,2.426444,1.272428,2.337816,17.850459
2015/5/1,299.268,60.84,103.671569,1.793702,94.123961,65.826525,19.995428,2.575483,1.390151,2.456089,17.136383
2015/6/1,338.294,71.37,124.677117,1.722848,113.390101,68.516165,20.29662,2.716833,1.301608,2.512027,13.409566
2015/7/1,375.894,73.92,138.060486,2.185419,132.265889,71.412176,20.895901,3.003887,1.356727,2.579471,13.665556
2015/8/1,374.748,72.95,133.651285,2.01318,130.314168,72.415352,19.029518,2.996222,1.344143,2.639368,13.070169
2015/9/1,345,68.54,117.005407,1.898749,114.791658,66.476372,16.015092,2.681921,1.202861,2.17775,13.96095
2015/10/1,307.598,57.24,95.87151,1.657165,102.021773,60.570921,16.513242,2.555645,1.323032,1.875397,16.363531
2015/11/1,287.6,44.6,86.36196,1.582663,94.132297,60.263941,19.201967,2.72204,1.333628,1.701544,19.663141
2015/12/1,309.831,38.66,88.62173,1.574777,101.021814,69.633664,23.016515,2.874058,1.376988,1.545251,20.080163
2016/1/1,332.811,32.22,112.62396,2.217071,101.786218,72.524775,25.463883,2.69229,1.332006,1.458182,18.446884
2016/2/1,307.884,39.47,91.909152,2.079021,90.84943,65.638141,24.005829,2.60737,1.243384,2.200546,20.118435
2016/3/1,297.388,47.5,71.345754,1.695209,95.848737,66.148894,27.225645,2.625215,1.315159,2.570772,21.919792
2016/4/1,280.418,53.19,71.41913,1.74521,91.257348,62.731845,25.734888,2.384355,1.20897,2.831115,20.780961
2016/5/1,296.087,60.33,80.934705,1.814272,102.481901,66.576493,25.355411,2.532405,1.34184,3.375003,18.83199
2016/6/1,341.637,71.76,115.196696,1.847226,123.042846,67.175324,23.125487,2.610059,1.251393,3.417726,16.289831
2016/7/1,384.739,75.22,135.420053,2.185718,142.557996,70.349347,21.336667,2.776679,1.311215,3.886477,17.60511
2016/8/1,393.865,73.53,134.762429,2.210283,145.610092,71.526405,19.45801,2.869761,1.324264,3.908405,13.578829
2016/9/1,348.413,67.12,113.346968,1.821749,117.196736,65.448176,16.278918,2.642339,1.326676,3.584179,16.39068
2016/10/1,308.031,57.72,98.473771,1.449616,94.75414,60.733343,17.229362,2.35721,1.353167,3.146603,20.317941
2016/11/1,288.585,47.97,86.27531,1.736663,85.906781,65.178776,18.721487,2.643281,1.36385,2.729406,19.38782
2016/12/1,322.448,32.95,117.954773,1.908434,88.087607,71.662429,22.390337,2.862062,1.453884,2.388967,23.12202
2017/1/1,330.301,33.57,114.572021,1.928942,86.947028,73.120612,26.479108,2.785311,1.406967,2.298306,20.780025
2017/2/1,286.706,41.18,86.157863,1.487437,75.087758,63.560371,23.746321,2.484928,1.238872,2.716998,22.071989
2017/3/1,303.1,46.15,88.687575,1.525781,86.901932,65.0932,29.460347,2.754328,1.387185,4.464441,25.705326
2017/4/1,284.015,53.8,80.742742,1.191657,80.597035,56.743352,29.234662,2.425947,1.341221,4.853397,25.354869
2017/5/1,303.338,60.57,92.141448,1.71905,89.993424,61.312753,32.42149,2.523559,1.301858,5.725184,23.046882
2017/6/1,340.534,70.36,106.825311,1.783022,108.779432,67.010782,30.42213,2.609091,1.28375,6.052164,20.124436
2017/7/1,380.336,75.7,127.018728,1.690536,137.825778,71.314219,26.4602,2.763124,1.372704,5.509197,16.107853
2017/8/1,372.81,72.01,118.809977,1.608414,132.375638,72.384218,21.923633,2.794808,1.362996,5.310677,13.869312
2017/9/1,332.923,66.27,97.560379,1.549034,110.156311,68.097918,19.062768,2.515749,1.331503,5.006581,17.896146
2017/10/1,310.864,55.69,89.114281,1.443536,98.799989,65.994785,17.606438,2.530349,1.214124,4.606019,24.345655
2017/11/1,294.809,45.03,90.34726,1.554103,86.834472,66.617853,19.757893,2.670065,1.304684,3.174127,22.592338
2017/12/1,324.733,34.29,105.860346,2.557876,102.454699,73.699572,22.13592,2.867757,1.38091,3.006449,22.179191
2018/1/1,356.882,32.16,118.557188,6.348033,101.468844,74.64904,24.96202,2.852372,1.341307,3.287842,25.570053
2018/2/1,303.768,35.51,81.399063,1.450745,90.701945,64.79003,24.79371,2.592616,1.274093,3.86271,23.16502
2018/3/1,308.521,42.73,79.982641,1.368409,98.59673,67.032656,25.752148,2.733876,1.366753,5.009114,26.435019
2018/4/1,289.491,49.03,72.787438,1.446247,90.614381,59.133155,27.989979,2.398222,1.187937,6.002399,26.406191
2018/5/1,314.988,65.52,84.633935,1.452891,107.013532,67.320248,30.318598,2.493207,1.38262,6.787724,23.931575
2018/6/1,350.11,71.55,100.893712,1.795019,122.171884,69.687556,27.502186,2.628462,1.299835,7.347485,24.682764
2018/7/1,388.017,75.45,114.748806,1.78369,155.264421,72.456009,25.002926,2.750953,1.369611,6.691307,16.431642
2018/8/1,394.209,73.51,114.516287,1.828892,152.150372,72.282467,21.908294,2.699793,1.367055,6.633551,19.830204
2018/9/1,349.271,67.53,95.961853,1.761577,132.992127,64.724753,19.059726,2.385446,1.327908,5.910902,18.501795
2018/10/1,320.979,53.71,86.736177,1.47256,114.532683,59.396905,19.42642,2.454133,1.27309,4.926267,21.169635
2018/11/1,302.484,40.01,92.257715,1.564905,99.41895,63.95437,21.780771,2.483504,1.330844,3.711003,21.991019
2018/12/1,324.578,35.51,99.698196,1.655497,100.896232,71.657288,22.650886,2.535385,1.412639,3.082523,24.281509
2019/1/1,341.154,32.56,100.29441,2.104262,112.143623,73.700844,24.657852,2.552222,1.34789,3.546079,24.273044
2019/2/1,306.756,31.84,79.381749,1.419914,103.949324,64.714894,22.772,2.212716,1.251935,3.797608,22.598256
2019/3/1,313.589,40.28,77.819349,1.307055,107.124385,65.079691,26.207665,2.303081,1.378337,5.841272,25.745925
2019/4/1,284.825,52.84,59.426201,1.089439,95.860549,60.580927,27.695002,2.045604,1.22705,6.690181,28.887737
2019/5/1,308.232,59.49,71.387602,1.596676,108.44488,67.123546,31.856524,2.31126,1.304446,7.095402,25.75667
2019/6/1,333.205,68.72,78.042789,1.434679,128.929584,68.804879,27.964864,2.320986,1.294328,7.898103,22.426099
2019/7/1,388.909,74.62,100.224713,1.652332,162.249362,72.198595,24.78796,2.533746,1.341967,8.053101,22.084404
2019/8/1,385.419,73.74,93.516602,1.636331,165.1404,71.910684,22.504343,2.565076,1.362412,7.802732,19.963513
2019/9/1,352.511,68.43,85.215957,1.416527,140.482532,66.06358,18.46139,2.348443,1.338093,6.75372,24.494217
2019/10/1,320.05,52.05,66.311208,1.056426,121.934028,62.032622,18.23208,2.233298,1.102884,6.040178,27.598531
2019/11/1,297.556,41.11,75.046174,1.145774,108.683006,64.125425,20.138658,2.244892,0.941384,4.322962,25.159643
2019/12/1,322.405,36.43,72.06524,1.360738,122.197552,73.073575,21.373703,2.440397,1.140239,3.423407,26.615985
2020/1/1,324.098,35.55,64.547736,1.51371,123.298483,74.169646,25.221605,2.474865,1.22939,4.615462,28.519866
2020/2/1,301.866,36.18,55.590324,1.177326,116.653738,65.950342,26.259889,2.288427,1.233051,5.656651,29.367755
2020/3/1,297.023,46.08,50.144633,1.306307,114.766151,63.99721,23.482547,2.385907,1.473482,6.435622,29.495588
2020/4/1,268.821,50.86,40.188541,1.15683,100.047642,59.170016,22.001883,2.18727,1.410482,8.052154,29.385797
2020/5/1,281.361,60.89,46.093826,1.209811,107.852657,64.33797,30.367471,2.325975,1.410876,9.678904,28.281906
2020/6/1,326.924,70.29,64.920403,1.576104,134.668515,67.205083,28.950142,2.153609,1.33777,9.55536,29.44552
2020/7/1,386.677,75.65,89.367616,1.691049,176.293002,69.38544,27.571461,2.330545,1.40433,10.385612,22.186083
2020/8/1,376.142,74.71,90.814314,1.608867,164.757875,68.982187,23.984776,2.524185,1.40004,9.427563,22.340559
2020/9/1,329.069,65.93,67.977564,1.169976,133.12284,65.727317,19.07622,2.153936,1.358722,7.823732,22.977117
2020/10/1,302.92,54.3,59.440229,1.13901,123.639821,59.362465,18.236628,2.099218,1.341381,7.283772,28.769982
2020/11/1,284.061,46.33,60.895921,1.349821,100.782945,61.759977,21.736184,2.175452,1.447928,5.844575,33.581845
2020/12/1,323.13,35.71,78.215003,1.556737,116.315014,69.870978,22.981034,2.385496,1.433714,5.337979,32.328759
